,runs,fours,sixes
MK Chhetri,74,9,0
AK Mandal,311,31,7
SP Gauchan,131,8,4
P Khadka,1312,131,41
MJ Paterlini,57,3,0
LM Paterlini,51,7,1
AG Dugmore,81,10,0
T Francis,61,5,0
GJ Savage,20,0,0
D Forrester,47,6,0
HP Patrizi,57,1,4
NM Northcote,41,5,0
AM Northcote,195,24,1
PA Petricola,398,35,5
DG Crowley,798,87,10
MGDCK Fernando,21,3,0
A Bonora,330,24,3
MG Raso,165,17,2
HS Jayasena,44,7,0
GRD Munasinghe,110,11,1
DSF Arsakulasuriya,25,4,1
P Ferguson,31,3,1
RM Siri,57,1,0
A Ferguson,114,10,5
EA MacDermott,49,5,0
DM Lord,12,0,0
PS Airee,215,24,9
OM Baker,105,11,1
SJ Massiah,363,34,12
CD Wright,49,6,1
LJ Cush,213,30,7
SS Nadkarni,292,22,11
A Thyagarajan,214,21,1
RA Marshall,201,15,11
Usman Shuja,22,1,1
Muhammad Ghous,27,2,0
A Gordon,9,1,0
S Vesawkar,844,59,9
G Malla,1125,111,6
B Regmi,193,12,0
BK Das,28,1,2
RK Vishwakarma,11,0,0
A Bhattarai,6,0,1
S Khalifa,61,9,1
E Kiongozi,27,1,0
IJ Kikasi,62,6,1
HH Abdallah,164,7,1
K Nassoro,261,31,0
KZ Rehmtullah,43,1,2
B Mwita,99,10,3
R Amiri,8,1,0
RK Kiseto,72,4,0
H Ramaiya,3,0,0
AM Kimote,59,5,1
RA Sealy,274,31,7
J Linton,12,1,0
PI Best,15,2,0
SA Mohamed,44,4,2
RD Bovell,161,15,5
Ronald Ebanks,74,10,0
P Chin,7,0,0
KF Bazil,5,1,0
C Wright,220,19,10
A Morris,40,4,1
MO Bryan,12,1,0
SR Taylor,871,91,37
C Gibson,45,1,0
AL Casime,7,0,0
TA Kurukulasuriya,9,1,0
RS Abeywickrama,24,2,0
RN Roach,71,7,0
CR Pedersen,81,11,0
Shehzad Ahmed,120,10,0
A Lambert,137,15,1
Rizwan Mahmood,198,12,4
MR Pedersen,193,14,2
HAM Shah,1380,107,22
Aftab Ahmed (2),242,22,11
Bashir Shah,56,2,1
HS Hansen,12,2,0
AB Chawla,34,7,0
L Slebsager,9,1,0
N Mapunda,75,7,0
AR Patwa,404,44,6
FA Klokker,895,89,7
A Mishra,21,2,1
TP Allen,398,22,26
ZR Jaboneke,12,2,0
SP Khakurel,526,54,6
Hammadullah Khan,85,9,1
R Madhavan,13,0,0
Suhan Alagaratnam,414,36,12
Shafiq Sharif,482,62,9
Ahmed Faiz,1423,160,14
Suharril Fetri,499,43,0
Anwar Arudin,677,72,30
Khizar Hayat,405,30,13
Nik Arifin,0,0,0
Hassan Ghulam,62,4,2
S Regmi,19,2,0
RG Corns,36,2,1
EH Hutchinson,164,3,11
P Baskota,26,3,1
Taha Ahmed,13,0,1
A Mohammed,10,0,1
AL Dodson,130,9,4
A Mutreja,1022,107,10
CR Suryawanshi,753,76,22
CR Kumarage,686,81,9
AE Paraam,864,70,13
M Arora,139,19,0
C Janik,386,35,5
KB Shinde,231,22,1
Saad Janjua,163,14,3
M Dharmichand,153,15,2
R Gaznavi,447,41,11
Kumar Subba,26,4,0
D Dorji,15,1,1
SR Gurung,20,3,0
S Tobgay,175,22,1
J Singye,107,11,1
Manoj Adhikari,84,8,0
S Pradhan,95,11,2
P Wangdi,107,7,4
B Wakhley,5,0,0
L Yonten,29,2,0
DK Subba,5,1,0
S Cotter,63,8,0
G Clarke,31,2,0
BF Mailata,128,12,4
DE Burgess,33,2,0
T Kaisala,105,9,5
F Mulivai,22,1,2
Zeeshan Siddiqui,605,65,2
Safir Hayat,29,3,0
E Ul Haq,41,4,1
M Shahbaz Butt,8,2,0
Shahid Ahmed,11,2,0
Ali Saleem,89,13,2
Tafseer Ali,84,10,1
UH Sahi,35,5,1
Babar Shahzad,9,0,1
IC West,0,0,0
ML Su'a,6,1,0
T Alatasi,9,0,0
W Mariner,10,2,0
N Vaasili,8,0,0
BS Bartley,13,1,1
NC McGarrell,22,2,1
B Bhandari,343,27,11
DC Stovell,196,18,0
CRM Douglas,33,3,0
SD Outerbridge,229,28,0
DL Hemp,100,9,1
JJ Tucker,309,22,12
J Anderson,317,35,2
LOB Cann,149,10,11
T Gibbons,34,5,0
MO Jones,98,9,4
RJ Trott,49,4,1
RJ Robinson,34,4,1
Ghazanfar Iqbal,0,0,0
VS Wategaonkar,275,14,3
A Ramesh,22,3,0
Jatinder Singh,972,93,7
Aamir Kaleem,242,16,8
Sultan Ahmed,328,25,3
Amir Ali,313,25,6
RJ Ranpura,73,6,0
HJ Mehta,11,0,0
M Ansari,23,3,0
T Manders,281,23,6
DA Marage,51,9,0
CS Sandri,379,25,19
Fida Hussain,111,7,4
V Pennazza,91,6,3
L di Giglio,40,1,1
AS Kyobe,236,24,3
M Ndiko,7,1,0
RG Mukasa,663,55,12
B Musoke,1,0,0
L Sematimba,51,5,0
D Muhumuza,358,27,4
DK Arinaitwe,157,12,0
RG Okia,34,2,3
F Nsubuga,194,10,6
J Sebanja,155,9,4
B Masaba,419,40,2
AV Lalcheta,392,35,5
C Waiswa,60,7,1
IR Rotsey,2,0,0
AE Hall,8,1,0
OR Willis,69,8,0
KR Ebanks,53,4,0
T Taylor,45,6,1
N Sellars,2,0,0
E Ofem,90,13,1
SO Olayinka,88,10,1
EA Okwudili,12,0,0
R Sharma,0,0,0
AP Adegbola,37,3,0
LJ Barker,87,8,1
IDA Damarell,74,14,0
OE Newey,576,43,6
L Savident,94,11,2
MWR Stokes,436,40,0
JAJ Nussbaumer,86,9,1
LB Ferbrache,342,24,8
DR Hooper,150,14,0
W Peatfield,19,1,1
LC Le Tissier,13,0,0
MLA Ellis,14,1,0
NAT Watkins,788,94,3
PW Gough,668,70,1
BDH Stevens,730,70,17
C Bisson,322,37,5
DA Morrison,162,16,0
ASJ Dewhurst,120,10,1
EJ Farley,169,17,6
AW Hawkins-Kay,339,20,4
CJ Bodenstein,171,11,5
CW Perchard,159,9,3
TE Minty,5,1,0
AA Onikoyi,51,5,3
OJ Bejide,169,11,2
O Olatunji,23,1,0
AM Oyede,11,0,0
O Onwuzulike,15,0,1
OA Olympio,96,3,7
SO Akolade,11,0,0
JO Ogunlola,0,0,0
KD Kamania,132,9,2
Amjad Ali,203,35,1
Salman Faris,16,1,0
Khurram Khan,149,19,0
SP Patil,300,25,2
Shaiman Anwar,729,53,23
Krishna Chandran,36,2,1
Mohammad Shahzad,98,13,1
Fayyaz Ahmed,3,0,0
Mohammad Naveed,38,5,0
Kamran Shazad,2,0,0
Noor-ul-Amin,0,0,0
NB Budayair,268,23,5
M Alam,95,10,1
Zeeshan Maqsood,939,109,19
Arif Hussain,183,22,6
Khawar Ali,579,63,2
Nasir Shafiq,527,58,16
S Navaratnam,22,1,0
Shahrulnizam Yusof,30,2,0
Pavandeep Singh,29,1,0
Muhammad Wafiq,24,3,0
Irfan Ahmed,134,14,4
Skhawat Ali,1,0,0
JJ Atkinson,224,21,5
Nizakat Khan,469,40,19
Babar Hayat,712,65,20
Waqas Barkat,81,10,1
Ankur Sharma,50,5,0
Tanwir Afzal,131,10,5
Haseeb Amjad,42,5,2
Nadeem Ahmed,16,2,0
Ehsan Nawaz,39,3,1
JPR Lamsam,18,3,0
Irfan Sajid,0,0,0
HB Ralalage,5,0,0
J Chaturanga,301,22,20
Adnan Butt,75,10,2
Mirza Baig,115,4,1
Adil Hanif,34,3,0
Mirza Yaqoob,99,8,3
Azeem ul Haq,102,6,1
Yasser Nazir,5,0,0
Anasim Khan,9,0,0
Yaser Sadeq,33,3,0
Huzaifa Akram,1,0,0
Abdullah Shahid,69,5,3
Ahmed Hassan,58,3,0
Mohamed Rishwan,47,3,2
Shafraz Jaleel,49,7,0
AD de Lange,97,13,1
A Goenka,12,1,0
Abhiraj Singh,90,4,1
Amjad Mahboob,135,10,8
Abid Mushtaq,28,4,1
Mohammed Irfan,507,38,39
Hisham Mirza,26,2,1
Mohammed Ghulam,164,9,9
Ali Zaheer,317,25,10
Mohammad Amin,217,21,2
Mohamed Rifkas,6,0,0
Saad Khalid,56,3,6
Abdul Jabar,15,2,0
Abdullah Akhunzada,15,1,1
Faizan Ali,36,2,0
Abdul Waheed,110,7,4
Ibrarul Haq,86,11,3
Hammad Saeed,230,25,11
Shahbaz Rasheed,188,17,5
Afzal Saleem,158,15,8
S Chhetri,25,1,0
T Jamtsho,107,10,2
T Wangchuk,32,4,0
T Tshering,25,1,0
K Penjor,2,0,0
Ubaid Minhas,11,0,0
Rashid Hussain,0,0,0
Mudassar Ali,5,1,0
Ibrahim Hassan,0,0,0
Neesham Nasir,4,0,0
Mihusan Hamid,4,1,0
Mohamed Mahfooz,13,1,0
S Saeed,5,0,0
Ahmed Jamaal,1,0,0
S Appusamy,11,0,1
Abdullah Qureshi,1,0,0
Mohammad Abdullah,31,4,0
Nadeem Javed,56,6,3
Akram Aslam,15,2,0
A Liaqat Ali,0,0,0
Zameer Khan,915,66,0
Zishan Shah,147,13,1
Kamran Mahmood,50,5,1
A Khan,110,7,4
Yasir Iqbal,186,12,5
A Bulow,164,17,5
Adnan Ilyas,192,14,8
BBJL Perera,194,12,9
WTN Fernando,53,4,2
JW Jenner,691,64,19
SSJ Dewhurst,31,0,2
Aminuddin Ramly,277,23,13
Mohammad Shukri,41,2,1
MGSM Fernando,26,2,0
S Vijayakumar,79,9,0
RB Javed,57,3,0
JN Duckett,4,0,0
Sufyan Mehmood,26,0,1
NP Rodrigo,4,0,0
Naeem Bardai,34,2,0
HB Kayondo,351,18,3
PM Selowa,351,37,5
Sagar Pun,241,21,2
Sompal Kami,269,23,3
TS Fray,158,9,0
C Burgess,84,12,1
AC Douglas,54,2,5
KS Leverock,479,45,20
DMW Rawlins,349,32,14
Fahad Babar,235,28,3
SR Santhanam,119,13,1
TK Patel,213,13,3
D Talbot,0,0,0
K Ganesh,51,3,0
Adil Bhatti,122,9,6
JJC Lawson,27,4,0
H Ssenyondo,32,1,0
Mohamed Shoib,2,0,0
Danial Ahmed,6,0,0
D Ruyange,2,0,0
OGL Bascome,19,2,0
JA DeSilva,185,14,6
KE Bashir,6,1,0
Aarif Sheikh,270,17,1
Suleman,0,0,0
AL Ndhlovu,76,9,2
P Ochan,64,6,0
Karan KC,74,7,4
SJ Myburgh,460,49,8
BN Cooper,386,41,5
ES Szwarczynski,39,2,0
PW Borren,482,31,13
W Barresi,592,67,7
MJG Rippon,329,17,0
PM Seelaar,328,22,5
Mudassar Bukhari,154,15,5
Ahsan Malik,28,3,0
SA Wijeratne,729,67,7
NR Kumar,880,72,17
R Gunasekera,312,26,14
AS Hansra,258,15,5
NS Dhaliwal,1062,89,28
Rizwan Cheema,344,39,15
Hamza Tariq,297,25,15
N Dutta,315,17,7
SS Dhindsa,159,3,6
PA Desai,19,1,0
C Pervez,42,4,1
AA Obanda,759,72,27
NN Odhiambo,169,17,5
IA Karim,1070,89,8
CO Obuya,799,55,17
NK Patel,246,32,8
RR Patel,1544,138,43
NM Odhiambo,554,39,5
LN Oluoch,151,16,4
SO Ngoche,361,24,11
E Otieno,80,5,2
JO Ngoche,5,0,0
SJ Baard,1217,134,16
G Snyman,302,26,8
MG Erasmus,813,53,17
CG Williams,825,60,19
R van Schoor,413,24,1
SF Burger,451,25,8
NRP Scholtz,284,20,8
JP Kotze,420,39,15
PA van Meekeren,101,7,2
VJ Kingma,5,0,0
JJ Smit,499,26,29
L Klazinga,46,1,1
BM Scholtz,59,1,0
CF Snyman,17,1,1
D Soraine,33,3,0
MR Swart,96,13,2
TP Ura,424,51,9
L Siaka,230,15,7
A Vala,693,60,10
S Bau,592,61,9
MD Dai,108,8,1
K Pala,56,9,1
JNT Vare,117,6,0
JB Reva,123,11,2
CA Soper,117,7,0
N Vanua,64,2,4
WT Gavera,0,0,0
MA Ouma,56,3,1
Qais Farooq,9,0,0
Abdul Shakoor,32,4,1
Amjad Javed,54,5,0
Ahmed Raza,116,10,1
Mohammad Tauqir,54,3,5
AM Guruge,5,0,0
YSD Seneveratne,250,26,5
C Palmer,16,1,0
D Cato,98,9,0
A Wright,0,0,0
R Tari,336,19,3
J Rasu,636,72,17
J Dunn,473,39,7
N Nipiko,482,42,15
A Mansale,619,42,11
T Langa,186,10,1
SH Obed,108,13,2
PK Matautaava,611,64,24
Raza Iqbal,19,3,0
Amad Sheikh,8,1,0
S Iftikhar,112,11,0
S Waqas Ahmed,23,1,1
RR Shinde,42,3,0
PK Thangavadivel,19,2,0
Ibrahim Mughal,0,0,0
D Crawford,21,0,0
JNL Wilkes-Green,7,1,0
TJ Ravenscroft,174,16,6
G Mokokwe,7,1,0
K Motlanka,179,17,0
K Modise,134,13,7
W Tajbhay,17,1,0
Ameer Saiyed,33,0,0
R Mosweu,77,5,1
JWN Moses,48,2,2
T Tshose,28,2,1
A Rangaswamy,34,2,0
D Maisuria,10,0,0
R Withey,8,0,0
T Nightingale,199,10,1
JC Martin,107,4,3
W Fazakerley,7,0,0
S Ramjohn,46,7,0
MC Patandin,165,24,2
M Boodram,114,6,1
G Singh,125,12,0
SA Drepaul,105,7,1
AK Gokoel,20,1,1
K Jaikaran,11,1,0
V Hirlal,12,0,0
M Balkaran,2,0,0
YP Dayal,9,0,0
BB Bailey,1,0,0
Zeeshan Ali,91,11,1
V Sarma,0,0,0
Shehraz Khalid,19,0,0
Jawad Mir,7,0,0
JW Chilia,75,1,1
N Unavalu,0,0,0
WA Haslim,110,13,1
OB Nightingale,83,8,1
RE van der Merwe,1016,82,24
Bikram Sob,1,0,0
Aqib Ilyas,459,45,13
Mohammad Nadeem,238,9,4
Muhammad Kaleem,27,5,0
Mohammad Usman,58,7,0
Saqlain Haider,34,3,0
Rohan Mustafa,410,42,4
Farhan Ahmed,1,0,0
T van der Gugten,393,40,8
ZE Green,242,20,6
HN Ya France,54,5,2
Z Groenewald,53,4,2
R Rijal,9,0,0
RP Magar,10,1,0
L Louwrens,155,9,4
Jitin Singh,143,15,0
AA Jasani,23,2,0
Shaheed Dhanani,82,6,1
A Cassim,8,0,0
AD Kamania,16,1,0
A Dagar,133,6,7
GH Smit,35,5,0
KN Riaz,79,5,0
Mehran Khan,53,4,3
AJ Ayannaike,58,3,0
JO Adedeji,48,4,1
CN Onwuzulike,75,8,1
IO Okpe,34,2,0
AS Abioye,7,0,0
A Mpeka,0,0,0
SW Kalworai,30,2,0
J Vira,62,5,1
AL Stephen,50,4,2
Azeez Salako,31,2,0
TCR Kimber,16,2,0
J Butler,97,12,0
A Hutchinson,7,0,0
SS Khadye,179,11,0
DM Gondaria,547,52,20
Gurdeep Singh,232,19,2
VV Morea,272,22,4
CJA Amini,189,17,0
RN Patel,388,41,1
EB Ringera,79,9,1
S Lamichhane,38,2,0
W van Vuuren,61,5,0
D Bau,87,8,0
JN Frylinck,144,14,2
C Peake,3,0,0
DA Minors,48,7,1
OL Pitcher,126,10,0
S Bremar,115,9,4
BJ Hall,11,1,0
GH Maybury,7,1,0
C Outerbridge,33,2,0
A Poulose,85,11,3
LE Gallichan,31,0,0
JE Dunford,156,8,0
RJG Palmer,19,1,0
B Kynman,13,1,0
SA Ahmad,826,70,26
Manpreet Singh,702,50,9
MMBRSTC Wanigaratne,79,8,0
R Tanweer,13,1,1
GP Meade,349,30,5
RR Timbawala,47,2,0
AAA Amsterdam,278,28,2
NI Standford,99,8,5
Jasdeep Singh,50,2,3
Charanjeet Singh,12,1,0
W Harris,25,1,0
DAW Hollis,54,5,0
Ali Khan,6,0,0
H Carlyon,549,62,6
ZH Cheema,1,0,0
Omar Hayat,1,0,0
Abdullah Syed,20,1,0
P Nair,1,0,0
T Bharaj,328,22,9
Abdul Hashim,165,12,0
C Carter,101,11,2
KD Shah,311,23,9
Anshuman Rath,782,68,7
MP O'Dowd,127,8,5
S Snater,267,22,5
Waqas Khan,22,1,0
Shahid Wasif,41,2,1
Ehsan Khan,127,8,4
Aizaz Khan,207,11,6
KN Mussa,106,7,5
SJ Ally,46,0,0
HA Chohan,65,5,2
Sulaimon Runsewe,89,1,0
O Olaleye,31,2,0
Muhammad Hashim,6,0,0
CM Akachukwu,10,0,0
I Master,45,1,0
R Nehonde,69,3,0
T Perera,43,0,2
N Master,55,1,1
H Patel,209,22,1
M Mvula,4,0,0
A Nsensha,54,3,0
J Chinunga,53,5,0
I Mwaba,58,2,0
SA Patel,20,2,0
Javid Patel,69,3,5
J Zimba,100,6,3
G Kandela,80,10,2
T Nyirongo,35,3,0
Gladson Kandela,50,1,0
U Friday,0,0,0
A Mene-Ejegi,25,3,0
F Baleri,154,15,5
S Ateak,179,14,4
PK Ananya,85,9,1
SK Awiah,172,15,2
MK Anafie,29,2,1
JH Mensah,145,17,4
IKO Aboagye,114,7,7
DNA Ankrah,79,4,3
J Bangura,25,1,0
G Ngegba,107,5,2
Y Jalloh,7,0,0
J Brewah,21,2,0
A Gbla,20,0,0
I Kamara,66,3,1
L Lamin,24,2,1
Mohamed Khan,70,10,1
M Mansaray,33,0,0
I Komba,32,1,0
B Williams,3,0,0
E Kamara,36,0,1
Z Abbasi,30,5,0
K Omala,10,0,0
JK Vifah,30,3,0
H Pragji,20,2,0
Inam-ul-Haq,182,23,1
Qalandar Khan,203,26,3
Mohammad Rizlan,444,37,8
Tamoor Sajjad,412,42,9
Nouman Sarwar,3,0,0
Kamran Khan,449,43,24
Mohammed Awais,109,8,3
Zaheer Ibrahim,371,43,8
Usman Waheed,27,3,0
Aamir Javed,110,11,7
Adnan Idrees,15,0,1
Imran Ali,33,1,1
Haroon Shahid,51,5,1
Abdullah Ghulam,15,1,1
Fiaz Ahmad,7,1,0
MH Cross,71,9,1
KJ Coetzer,536,45,10
CS MacLeod,497,55,0
RD Berrington,219,12,7
CD Wallace,144,9,2
PL Mommsen,101,6,2
CD de Lange,17,0,0
LP van der Westhuizen,188,18,7
C Viljoen,272,24,2
SM Sharif,29,1,0
MRJ Watt,90,3,3
AC Evans,15,2,0
CB Sole,12,0,0
Virandeep Singh,579,46,5
Norwira Zazmie,20,3,0
Syed Aziz,326,38,4
M Syahadat Ramli,163,17,3
Muhammad Hafiz,11,1,0
JS Henriksen,126,15,1
Anique Uddin,111,7,0
J Jojo,96,6,4
OD Hald,212,14,13
ND Laegsgaard,387,37,19
Saqlain Arshad,155,18,6
Khurram Shahzad,204,20,4
Iqbal Hussain,125,11,2
Gayan Munaweera,101,8,2
Mohammed Nadeem,73,6,2
S Chandramohan,310,34,8
R Rohan,396,42,2
TH David,709,64,28
U Aryaman Sunil,202,15,11
A Krishna,36,1,1
V Baskaran,69,1,3
AAhan Achar,14,0,0
C Tommy,62,10,1
SA Deitz,259,20,1
W Nalisa,76,7,1
RA Thomas,177,15,8
H Thaker,248,17,1
Ravinderpal Singh,406,27,27
Saad Bin Zafar,249,22,6
Delawar Khan,69,6,3
Nazril Rahman,93,7,2
Dharmang Patel,251,30,5
Musawar Shah,1,0,0
NMS Param,141,10,2
ZK Shem,0,0,0
D Mogan,28,3,0
Anwar Rahman,61,5,0
Sidhant Singh,48,6,0
Owais Ahmed,0,0,0
Rashid Ahad,0,0,0
Abraash Khan,75,10,1
Ahsan Abbasi,89,6,1
SS McKechnie,77,9,0
J Subramanyan,17,1,0
Mohammad Ghazanfar,7,1,0
BS Adhihetty,269,21,1
D Heyliger,123,10,6
K Doriga,188,12,3
J Kila,72,7,2
N Pokana,33,1,0
DJ Jacobs,198,12,2
JM Bredenkamp,117,5,1
Suraj Kumar,138,9,6
Sandeep Goud,70,3,3
Khurram Nawaz,27,1,2
Fayyaz Butt,83,6,1
XM Marshall,171,9,6
MD Patel,341,32,5
JS Malhotra,139,11,5
Aaron Jones,207,17,4
KRP Silva,64,3,3
HR Walsh,135,8,4
K Gore,22,2,0
SN Netravalkar,27,3,0
NP Kenjige,9,1,0
Tanveer Ahmed,3,0,0
SK Atai,11,1,0
MVS Michal,9,0,0
Jay Odedra,51,4,1
Badal Singh,0,0,0
Bilal Khan,7,0,0
D Ravu,9,1,0
K Birkenstock,57,7,0
Kaleemullah,33,2,3
GDR Eranga,5,1,0
SR Bhudia,237,15,8
P Kerai,6,0,0
MS Henriksen,96,10,2
A Otwani,318,36,3
RB Patel,491,54,1
DM Nakrani,314,21,14
Riazat Ali Shah,674,46,27
Jannisar Khan,91,10,2
Bilal Hassun,11,0,0
Aritra Dutta,411,55,6
Janak Prakash,255,14,3
K Waiswa,329,31,8
TK Bhandari,34,3,1
Nestor Dhamba,6,1,0
Ashfaq Ahmed,260,25,8
Ghulam Shabber,320,28,0
Rameez Shahzad,230,8,8
Adnan Mufti,198,18,4
Muhammad Usman,173,11,4
DN Pathirana,183,12,2
D Nath,97,11,0
DS Airee,286,21,6
RK Paudel,315,23,3
HA Varaiya,32,1,0
N Davin,27,1,2
NR Kirton,325,17,10
K Kaul,25,1,0
Mohammad Boota,52,5,1
Amir Hayat,7,0,0
AK Sah,99,11,0
Imran Haider,3,0,0
P Burger,17,1,1
Naseem Khushi,47,6,1
S Sesazi,253,28,9
F Achelam,157,9,10
O Bascome,77,8,4
C Trott,142,14,6
KS James,19,1,1
S Thanikaithasan,222,17,4
NJ Ferraby,103,9,1
CWR Zalati,4,0,0
M Simmons,9,0,0
EJB Miles,26,1,1
C Zhuwao,41,3,4
SF Mire,52,5,3
H Masakadza,17,3,0
BRM Taylor,761,84,11
CR Ervine,34,1,0
Sikandar Raza,123,7,9
AG Cremer,4,0,0
MN Waller,1,0,0
LN Rajbanshi,7,1,0
HG Munsey,330,45,4
SA Edwards,108,12,1
BFW de Leede,274,26,2
RN ten Doeschate,1457,117,27
Sikander Zulfiqar,64,3,1
A Nao,29,2,1
Simandeep Singh,5,0,0
FJ Klaassen,2,0,0
Faisal Javed,10,1,1
Imran Ashraf,15,1,0
D McInnis,29,2,1
Rakibul Hasan,161,22,0
Hasnat Ahmed,48,2,4
B Fitchet,51,6,2
CC Blake,30,0,0
W Viraliliu,24,1,1
D Weston,108,16,2
Mudassar Muhammad,221,23,8
A Sarma,93,7,2
R Pillai,206,16,3
B Ess,67,10,0
H Singh,118,15,3
Asad Mohammad,48,4,1
Janpreet Singh,17,2,0
Sajid Liaqat,19,2,1
Shahil Momin,10,0,0
ME Latif,3,0,0
OH Agbomadzie,168,14,3
M Aboagye,14,0,0
V Ateak,31,3,0
G Bakiweyem,10,1,0
Muhammad Tanveer,415,48,5
Gregory Smith,16,0,0
C Cato,1,0,0
V Ganesan,182,25,0
M Breban,6,0,0
KS Bagabena,26,2,0
U Shahid,43,5,0
S Tambidoure,0,0,0
AV Ayyavooraju,5,0,0
H Niaz,17,1,0
Usman Khan,0,0,0
RJA Murphy,20,0,0
R Pavadaikannan,5,0,0
Shahzeb Mohammed,7,0,0
Zika Ali,13,0,0
R Ehsan,14,0,0
Ammar Zahir,1,0,0
S Ukani,84,7,1
SP Patel,37,2,0
I Khaleel,3,0,0
CC Alexander,44,5,1
MK Patel,13,2,0
Junaid Siddiqui,21,0,0
NCK Liyanage,7,0,0
PA Dahiwal,14,1,0
Imran Ali Butt,61,10,0
Mohammed Sameer,214,19,10
Tahir Dar,189,18,9
Junaid Aziz,56,2,4
Md Shafiqul Haque,86,7,2
W Uisuk,45,4,2
DF Jacobs,35,3,1
RR Raina,113,5,1
S Gawas,42,3,0
Sarbjot Singh,24,2,0
T Jeerapanthawong,3,0,0
P Sungnard,4,1,0
B Sombatraksa,30,5,0
N Senamontree,26,0,2
Vichanath Singh,4,0,0
GSPR Arachchige,67,6,0
Awad Khan,10,2,0
Babar Ali,1,0,0
Jabbar Amjad,12,2,0
Mohamed Iqbal Noor,8,1,0
Imran Arif,3,0,0
Mohammad Afzal,30,3,1
Muhammad Abbasi,36,3,3
Muhammad Rafeh,37,3,3
Lu Cangcang,20,2,0
Zhuang Zelin,10,1,0
Ge Yongsheng,24,2,0
Zhang Yu Fei,32,5,0
Zhang Peng,23,0,0
Feng Yu,15,2,1
Yan HuaWen,15,2,0
Ke Tiansheng,0,0,0
Wang Zihao,7,0,1
W Maneerat,65,5,3
N Pathan,9,0,1
Khadeer Mohammed,5,1,0
Ye Weiji,4,0,0
Jiang Shuyao,16,2,0
Jin Yonghao,3,0,0
Wang Qi,0,0,0
Mohammed Asghar,37,3,3
Bastaki Fahad,2,0,0
Sajid Manzil,28,1,2
Muhammad Kashif,18,1,0
R Pradhan,11,2,0
Tenzin Wangchuk jnr,28,3,0
DS Gurung,27,2,1
K Norbu,12,0,0
T Singye,9,0,0
K Ghalley,18,2,0
K Senamontree,0,0,0
Inayat Saeed,67,4,7
Shoaib Ali,0,0,0
Omar Imtiaz,30,2,3
Muhaddis Muhaddis,29,5,0
Anjar Tadarus,6,0,0
VC Bhammar,65,2,0
RT Rubbi,37,5,0
IK Gamantika,35,5,0
IDGP Kisawa,6,0,0
AH Kapadia,1,0,0
Ahmad Ramdoni,29,1,1
Gaurav Tiwari,78,11,0
F Shony,5,0,0
IW Budiarta,4,0,0
Anjum Awais,2,0,0
JH Kiani,38,1,0
J Hill,44,2,0
Karweng NG,0,0,0
HER Tyler,29,6,0
DC Smith,0,0,0
Vimal Kumar,24,2,0
Muzammil Shahzad,7,1,0
MK Gohal,50,3,2
Tariq Ali,2,0,0
R Mahajan,3,0,0
F Sapatu,15,3,0
JS Tofilua,1,0,0
ML Maiava,55,2,0
F Vaaetasi,6,1,0
SU Falo,6,1,0
R Kano,12,2,0
M Taniyama,32,5,0
M Kobayashi,79,8,0
K Okoshi,13,1,0
T Takada,12,0,0
J Yamashita,13,2,0
M Thurgate,0,0,0
MM Siddique,21,1,0
N Tomizawa,4,0,0
K Wakita,24,2,0
R Matsumura,1,0,0
GD Arta,7,0,1
W Miyauchi,0,0,0
T Hagihara,13,1,0
S Yamada,1,0,0
S Dhamala,4,0,0
T Lungameni,3,0,0
Chirag Suri,104,8,1
K Christie,6,0,0
S Bhari,1,0,0
MA Leask,23,2,1
LS Bhandari,0,0,0
MD du Preez,16,1,0
CW Coombe,30,1,1
H Hiri,108,10,1
B Karki,2,0,0
Umar Nawaz,2,0,0
Usman Limbada,49,5,1
RI Ahmed,41,2,1
Arshad Ali,61,3,0
Faizan Asif,13,1,1
Mohammad Azam,47,7,1
Nasir Aziz,40,6,0
EHSN Silva,27,2,1
WTS Porterfield,1527,174,15
PR Stirling,1493,163,34
EC Joyce,884,89,8
NJ O'Brien,722,66,15
KJ O'Brien,938,90,24
GC Wilson,880,70,9
JF Mooney,23,3,0
TLW Cooper,413,44,6
TN de Grooth,45,2,0
DLS van Bunge,88,8,0
RAH Pitchers,102,10,1
Saqib Ali,59,4,0
Mohammad Shafiq,62,4,2
DF Watts,83,5,0
JH Davey,215,15,2
RM Haq,34,1,0
GD Drummond,8,0,0
G Goudie,46,3,3
V Shetty,33,3,0
JH Stander,4,0,0
E Steenkamp,3,0,0
I Opperman,100,7,1
Zeeshan Siddiqi,7,1,0
RA Bhatti,46,4,0
TG Gordon,38,2,0
H Osinde,0,0,0
DI Allan,19,1,0
T Mishra,152,19,0
RD Gudhka,12,0,0
RP Varsani,58,5,0
RP Mepani,28,2,0
MN Jesani,10,2,0
RL Bhudia,16,1,1
DS Wesonga,5,1,0
SC Patel,4,0,0
B Palekar,8,2,0
Abdul Rehman,11,1,0
P Rossouw,12,2,0
KB Burger,0,0,0
A Mehdi,1,0,0
TC Bastiampillai,27,1,0
FS Crockwell,6,1,0
J Edness,48,4,0
IH Romaine,55,6,1
J Gilbert,10,0,0
J West,3,0,0
K Tucker,1,0,0
D la Cock,79,8,2
JN Loftie-Eaton,13,0,2
M van Lingen,88,3,7
R Trumpelmann,18,1,2
Saud Islam,0,0,0
C Kyewuta,35,2,3
T Bukenya,22,1,2
EJ Pollock,1053,145,27
CG Benjamin,260,21,9
MJ Lamb,600,48,4
MGK Burgess,1219,106,26
JG Bethell,220,15,6
EA Brookes,469,32,12
AM Chakrapani,22,1,0
KT van Vollenhoven,21,0,0
GA Garrett,52,3,0
MS Johal,16,0,0
RN Sidebottom,11,1,0
HD Rutherford,1001,102,26
NJ Selman,657,58,1
SJ Reingold,187,22,1
KS Carlson,1260,132,21
WT Root,1491,117,20
Callum Taylor,53,3,1
TN Cullen,321,25,1
JM Cooke,266,31,4
RI Walker,113,10,3
LJ Carey,175,22,1
G Clark,1841,231,19
AZ Lees,2464,243,21
DG Bedingham,705,57,32
CT Bancroft,829,71,14
SR Dickson,1393,110,40
L Trevaskis,647,54,12
OG Robinson,722,84,14
TS Muyeye,221,30,4
HG Kuhn,837,82,11
HZ Finch,1733,175,11
DI Stevens,1206,102,51
MK O'Riordan,211,22,3
HW Podmore,175,15,4
Hamidullah Qadri,241,17,3
JEG Logan,46,3,0
HRC Came,884,83,15
BA Godleman,2381,220,26
BD Guest,911,80,5
FJ Hudson-Prentice,646,56,17
HR Hosein,167,14,1
Anuj Dal,561,47,6
MH McKiernan,305,29,6
NO Priestley,50,3,0
CR Marshall,55,2,0
NR Welch,225,27,1
RK Patel,790,92,11
MS Harris,564,54,7
LJ Hill,1575,154,22
GH Rhodes,211,21,3
AM Lilley,453,44,15
WAR Fraine,640,72,18
HG Duke,851,87,6
GS Ballance,1774,156,23
GCH Hill,552,54,9
JA Tattersall,757,63,5
ML Revis,625,57,13
DM Bess,398,42,7
MJ Waite,684,66,12
MW Pillans,149,11,4
BO Coad,207,24,2
JW Shutt,9,0,0
MD Stoneman,2710,331,30
HM Amla,156,17,0
BBA Geddes,777,84,18
JL Smith,391,34,13
RS Patel,1423,140,42
NMJ Reifer,276,24,5
HD Ward,215,36,4
TGR Clark,663,76,6
TJ Haines,945,98,15
TM Head,695,67,13
JM Coles,320,30,4
OJ Carter,366,34,6
D Ibrahim,347,34,2
WAT Beer,394,36,8
HT Crocombe,149,14,0
KK Jennings,2549,294,14
JJ Bohannon,1157,99,24
LWP Wells,726,98,16
DJ Vilas,1450,125,35
RP Jones,1224,95,11
SJ Croft,1898,129,36
GID Lavelle,448,36,13
DJ Lamb,370,31,14
TE Bailey,308,21,8
LJ Hurt,63,6,0
BG Charlesworth,584,67,6
GT Hankins,434,42,0
TC Lace,198,14,3
GL van Buuren,764,75,13
JMR Taylor,2253,163,108
GFB Scott,460,30,14
BJJ Wells,339,43,7
TMJ Smith,498,36,0
MD Taylor,144,8,6
J Shaw,20,2,0
DJ Worrall,14,0,1
GP Balderson,655,68,9
LPJ Kimber,833,71,30
Rehan Ahmed,89,4,1
BWM Mike,211,15,7
D Klein,183,20,0
R Vasconcelos,1229,148,11
EN Gay,958,119,4
BJ Curran,264,25,1
RI Keogh,1711,171,12
SA Zaib,693,60,13
CO Thurston,99,10,1
TAI Taylor,1009,105,25
WD Parnell,203,16,5
GG White,367,34,9
BW Sanderson,155,8,2
FJ Heldreich,8,0,0
TA Wood,255,35,3
AT Thomson,422,30,10
BW Aitchison,60,6,0
R Rampaul,34,1,3
SM Davies,1692,187,21
SJ Young,73,5,3
GA Bartlett,985,87,21
JC Hildreth,2081,175,36
LP Goldsworthy,1309,115,14
EJ Byrom,614,82,5
BT Slater,2737,326,32
SG Budinger,1379,164,50
PD Trego,2020,183,51
H Hameed,1414,135,8
M Montgomery,908,80,10
LW James,632,65,3
LA Patterson-White,441,32,18
JDM Evison,647,67,17
D Schadendorf,247,23,6
BA Hutton,381,26,14
RM Yates,1186,138,20
WMH Rhodes,1630,147,19
G Stewart,532,39,30
ME Milnes,96,7,4
JA Haynes,533,55,5
JJ Dell,90,12,0
TC Fell,1371,150,8
JD Libby,1611,110,11
GH Roderick,1892,185,24
EG Barnard,1939,192,27
J Banton,56,1,2
J Leach,882,97,20
JO Baker,100,8,2
AL Hughes,736,62,16
BL D'Oliveira,1088,101,11
CDJ Dent,1895,231,20
TP Alsop,1923,203,18
TJ Prest,1060,91,20
NRT Gubbins,2814,296,35
JJ Weatherley,690,58,3
IG Holland,431,40,4
LD McManus,1046,72,36
JK Fuller,477,37,17
FS Organ,585,50,14
D Wiese,683,63,24
AC Lenham,143,10,1
SG Borthwick,1700,178,12
L Doneathy,188,11,7
C Rushworth,166,13,4
SD Robson,1388,139,10
MDE Holden,719,74,8
V Chopra,2029,175,27
PSP Handscomb,1574,150,24
RG White,277,24,1
JLB Davies,405,44,8
LBK Hollman,371,30,4
JAR Harris,269,22,4
TN Walallawita,83,7,4
ER Bamber,117,13,0
TJ Murtagh,15,2,0
R Clarke,747,69,21
AAP Atkinson,15,0,2
C McKerr,367,29,7
LJ Fletcher,414,36,19
BGF Green,399,32,18
Kasey Aldridge,92,5,0
GS Drissell,196,12,5
AW Gorvin,66,6,0
MG Hogan,103,7,3
W Luxton,547,55,16
SA Patterson,122,15,0
WEL Buttleman,202,15,6
T Westley,3116,348,24
AN Cook,1306,163,1
MS Pepper,134,21,6
AJA Wheater,1273,125,19
SR Harmer,441,35,11
ASS Nijjar,229,19,6
BMJ Allison,200,15,5
JH Plom,11,2,0
K Carver,70,5,1
HJ Swindells,539,47,6
E Barnes,77,4,1
CJC Wright,104,10,0
AGH Orr,670,61,27
BC Brown,1611,133,7
NN Gilchrist,91,7,2
SW Currie,181,15,2
KJ Abbott,244,13,7
JA Turner,34,1,1
MD Wagstaff,76,8,1
JEK Rew,1036,111,14
James Bracey,1399,141,33
SS Eskinazi,1353,135,22
MK Andersson,616,59,13
NJH Kimber,196,15,7
D Moriarty,83,4,3
MP Dunn,80,6,3
JD Warner,0,0,0
JS Rymell,428,45,3
JM De Caires,171,15,3
JP Morley,23,2,0
DR Mousley,166,9,7
CAJ Morris,103,5,2
AW Finch,71,6,4
D Paterson,102,4,8
TR Cornall,310,20,2
WJ Weighell,126,6,3
AG Salter,415,32,12
M de Lange,266,19,14
S Baker,12,0,0
TAR Scriven,307,15,7
JA Leaning,1606,116,25
MR Quinn,60,5,2
TL Greatwood,14,1,0
SC Kerrigan,20,1,0
CJ White,93,9,2
GT Griffiths,39,3,0
WS Davis,48,1,1
CT Steel,589,65,8
NLJ Browne,726,92,3
FIN Khushi,761,76,17
F Singh,265,27,10
SIM King,62,4,1
JA Gordon,9,0,0
LA Procter,652,49,5
JJG Sales,258,15,3
PI Walter,231,21,6
JP Sarro,4,0,0
BG Compton,782,59,0
GW Thomas,493,69,8
TT Bresnan,984,76,23
CN Miles,152,15,3
EJH Eckersley,594,43,7
MET Salisbury,10,1,0
D Smit,294,26,4
GLS Scrimshaw,13,2,0
OJ Pope,358,24,7
FS Middleton,883,92,8
JR Sullivan,6,0,0
OJ Price,1053,119,3
EO Leonard,73,5,4
TJ Price,229,28,4
BA Raine,402,32,14
MJ Potts,53,6,0
T Banton,417,43,9
Azhar Ali,844,81,9
TB Abell,608,60,1
L Gregory,873,64,24
C Overton,469,37,16
PD Salt,364,46,10
S van Zyl,253,20,4
LJ Evans,1401,118,45
HE Dearden,310,44,0
PJ Horton,714,70,0
MJ Cosgrove,1026,109,12
CN Ackermann,1351,122,29
CF Parkinson,226,22,0
LM Reece,1556,170,26
WL Madsen,1847,188,28
JL du Plooy,222,19,7
RE Levi,1123,130,20
JJ Cobb,1300,138,33
AG Wakely,1115,99,16
AM Rossington,1176,126,19
JO Holder,292,30,8
GJ Maxwell,617,60,20
S Steel,296,38,1
GJ Harte,205,18,2
JTA Burnham,139,11,3
MH Wessels,1958,205,64
DKH Mitchell,1296,128,3
OB Cox,1874,190,29
RA Whiteley,1274,123,47
JL Lawlor,415,41,6
M Labuschagne,118,8,3
CB Cooke,1289,108,31
DL Lloyd,1428,167,16
AK Markram,336,41,3
JM Vince,1843,199,24
SA Northeast,2311,203,31
RR Rossouw,958,112,10
LA Dawson,1476,97,23
GK Berg,487,43,12
MS Crane,157,13,3
BAC Howell,1090,74,24
RF Higgins,903,68,29
DA Payne,125,15,0
CJ Liddle,92,6,3
CD Nash,994,112,18
JM Clarke,1235,135,22
BM Duckett,1184,131,16
TJ Moores,776,71,35
SJ Mullaney,1632,139,53
SR Patel,1733,172,19
JL Pattinson,98,8,4
DW Lawrence,670,45,12
RS Bopara,1549,119,22
DP Sibley,1061,109,12
SR Hain,1840,175,13
TR Ambrose,1348,126,8
L Banks,250,18,5
CR Woakes,194,20,2
GD Panayi,90,7,2
JS Patel,187,20,3
T Kohler-Cadmore,1532,164,34
A Lyth,1826,215,34
DJ Willey,791,75,32
HC Brook,343,40,2
MJJ Critchley,565,42,15
LJ Wright,1647,190,36
DR Briggs,204,24,1
A Sakande,4,0,0
Mir Hamza,10,1,0
GHS Garton,78,10,1
DJ Malan,1071,126,8
LRPL Taylor,525,48,5
JA Simpson,1266,124,17
TS Roland-Jones,434,33,12
TG Helm,170,12,1
NA Sowter,133,8,4
JS Lehmann,191,15,2
G Onions,58,3,4
LV van Beek,62,2,3
S Mahmood,58,2,2
JM Anderson,10,1,0
AJ Mellor,89,6,4
AU Rashid,406,44,5
AM Ali,330,26,5
JC Tongue,99,7,2
MW Parkinson,97,8,1
AHT Donald,990,95,27
CP Wood,174,16,1
Z Crawley,464,54,0
DJ Bell-Drummond,2324,230,14
MT Renshaw,654,70,13
AJ Blake,1618,136,65
AP Rouse,270,20,7
Imran Qayyum,41,2,0
IA Cockbain,761,57,15
JJ Roy,1246,164,16
WG Jacks,408,55,9
RJ Burns,1699,136,11
BT Foakes,1868,161,21
TK Curran,316,26,4
LE Plunkett,220,17,4
GJ Batty,169,8,4
PM Siddle,51,4,1
CR Hemphrey,103,11,2
CAJ Meschede,216,24,4
GG Wagg,727,60,23
MJ Richardson,1243,88,17
RI Newton,479,45,9
NL Buck,90,10,3
B Muzarabani,23,1,1
HJH Brookes,70,10,2
JE Poysden,12,0,0
CJ Jordan,223,16,8
EJG Morgan,860,86,25
JA Porter,44,1,0
SJ Cook,9,0,0
TD Groenewald,396,32,15
D Olivier,52,3,1
ST Finn,179,16,5
JL Denly,1575,167,30
ZJ Chappell,392,42,6
M Carter,61,6,2
D Elgar,922,64,20
J Clark,764,57,19
M Morkel,4,0,0
AD Thomason,176,12,4
Miles Hammond,649,75,18
BTJ Wheal,64,3,2
S Conners,70,7,1
AP Palladino,73,5,4
BA Carse,2,0,0
DA Douthwaite,289,24,12
MT Coles,394,31,24
SD Parry,119,10,0
SC Meaker,74,4,1
FOE van den Bergh,51,5,1
P Coughlin,368,29,12
L Wood,73,7,2
JT Ball,96,10,5
CJ Ferguson,528,51,12
A Javid,390,24,2
Mohammad Abbas,12,2,0
J Overton,261,20,12
OJ Hannon-Dalby,106,8,3
TB Sole,4,1,0
AD Hales,1347,152,38
ME Claydon,78,5,1
PR Brown,10,1,0
LS Livingstone,836,63,31
HF Gurney,9,0,0
GC Viljoen,62,2,5
IJL Trott,1710,177,5
IR Bell,998,88,12
AJ Hose,745,76,12
KHD Barker,242,31,1
OP Stone,103,8,2
AL Davies,921,108,8
JM Mennie,29,3,0
MA Carberry,406,58,10
NJ Dexter,277,17,7
RK Kleinveldt,518,49,24
HWR Cartwright,189,11,7
JEC Franklin,793,49,14
RH Patel,69,7,1
TE Barber,0,0,0
CJ Haggett,146,9,5
MJ Henry,46,5,2
CA Pujara,1378,119,15
PD Collingwood,1051,107,20
TWM Latham,271,24,2
WR Smith,917,61,5
RD Pringle,444,48,8
SW Poynter,217,18,2
NJ Rimmington,72,5,1
GHI Harding,23,2,0
SM Curran,467,51,4
JW Dernbach,45,1,3
JG Myburgh,605,85,15
JR Murphy,19,3,0
SE Marsh,143,17,1
CA Ingram,2953,249,91
OE Robinson,92,8,0
I Sharma,11,1,0
JHK Adams,1040,114,12
BJ Taylor,155,10,0
RJW Topley,20,2,1
AJ Hodd,293,26,6
JC Wainman,18,1,1
KR Brown,1137,118,19
Ashar Zaidi,538,48,15
SP Crook,447,34,7
MTC Waller,47,3,0
MW Dixon,1,0,0
TJ Wells,491,32,14
VR Aaron,25,4,0
RAJ Smith,50,4,1
N Wagner,86,6,3
MM Ali,415,56,10
CS Delport,488,63,12
RA Jones,26,5,0
JM Blatherwick,74,2,2
CR Brown,163,16,1
MD Fisher,191,15,4
SW Billings,1125,113,29
JC Archer,182,13,9
MA Wood,6,0,0
CAJ Brodrick,11,1,0
DW Steyn,8,1,0
DY Pennington,105,9,2
BD Cotton,67,6,1
JE Root,304,23,1
RC Davies,137,12,2
BJ McCarthy,351,19,23
RJ Gleeson,13,0,0
Azharullah,29,3,0
MJ Lumb,1121,126,23
CMW Read,503,45,11
SCJ Broad,45,4,0
JA Rudolph,1203,133,7
P Mustard,1009,116,10
M Klinger,1465,140,30
LC Norwell,62,6,1
SC Cook,274,22,0
R McLaren,325,28,6
ML Pettini,983,96,6
RJ Sayer,116,8,4
KC Sangakkara,1312,112,17
J Allenby,1093,116,14
GT Thornton,7,1,0
WD Bragg,758,76,3
AO Morgan,3,0,0
SJ Thakor,475,45,6
GJ Bailey,604,44,10
SM Ervine,491,39,8
JW Hastings,312,23,17
BMAJ Mendis,89,8,2
Azeem Rafiq,106,6,3
CJ McKay,147,5,5
AC Voges,249,25,0
JC Tredwell,221,18,4
JM Bairstow,406,39,13
MA Richardson,1,0,0
JS Sykes,18,2,0
JD Shantry,77,8,0
K Noema-Barnett,120,6,5
NRD Compton,296,35,0
OP Rayner,129,10,2
CF Hartley,21,0,0
MR Adair,568,48,29
A Shahzad,146,8,3
JE Taylor,8,1,0
IAA Thomas,4,1,0
JS Foster,301,30,5
KM Jarvis,43,3,1
AN Kervezee,338,35,4
CJ Russell,3,0,0
CF Hughes,50,6,1
NT Broom,177,13,2
RML Taylor,222,14,9
JKH Naik,39,4,0
GM Andrew,160,11,7
JD Ryder,922,94,25
DD Masters,43,3,0
HJH Marshall,375,35,4
AWR Barrow,244,28,2
ZS Ansari,431,20,5
FK Cowdrey,445,35,2
MJ Guptill,95,9,4
AN Petersen,355,32,3
JC Buttler,93,10,1
TC Smith,184,20,2
WB Rankin,12,1,0
MW Machan,413,38,6
DA Cosker,36,1,0
DT Christian,579,41,26
GP Smith,491,38,5
SKW Wood,24,2,0
U Arshad,56,2,0
J Harrison,1,0,0
BB McCullum,228,25,10
S Prasanna,30,2,2
SJ Magoffin,3,0,0
GR Napier,110,4,3
Shahid Afridi,4,0,0
RA Stevenson,0,0,0
KS Williamson,234,22,2
TL Best,0,0,0
A Harinath,34,2,0
WJ Durston,749,78,12
GJ Muchall,324,24,1
DPMD Jayawardene,240,26,2
MA Wallace,147,13,0
WRS Gidman,260,29,2
CF Jackson,62,6,1
AJ Finch,83,6,6
PJ Grieshaber,20,1,0
AJ Robson,266,31,0
RO Gordon,10,1,0
JDS Neesham,26,2,1
OH Freckingham,8,1,0
CAL Davis,0,0,0
Craig Cachopa,297,28,9
JC Mickleburgh,10,1,0
JE Burke,94,2,2
JA Brooks,110,9,2
JP Webb,11,2,0
JWA Taylor,845,60,26
AW Gale,198,19,1
T Poynton,35,3,1
AG Prince,404,42,3
JP Faulkner,94,4,1
JS Gatting,55,5,1
AC Thomas,141,16,1
TS Mills,3,0,0
GO Jones,344,32,8
CE Shreck,2,0,0
Yasir Arafat,156,16,1
FH Edwards,9,1,0
MH Yardy,38,5,0
RK Oliver,66,8,0
Saeed Ajmal,16,2,0
KS Velani,79,11,1
Junaid Khan,13,2,0
SL Elstone,159,11,0
MHA Footitt,23,2,0
MJ Leach,42,4,1
RM Pyrah,64,4,2
A Sheikh,5,0,0
TM Dilshan,302,31,0
JM Bird,1,0,0
WA Tavare,182,23,1
AP Agathangelou,18,0,0
MD Hunn,6,0,0
JM Kettleborough,51,5,0
ME Hobden,3,0,0
APR Gidman,106,11,0
A Hepburn,32,1,1
A Kapil,137,15,1
VS Solanki,201,19,4
DJ Redfern,110,8,0
WA White,81,8,3
Azhar Mahmood,229,24,5
CJL Rogers,264,27,0
MW Goodwin,307,36,5
UT Khawaja,116,20,0
Kabir Ali,11,0,0
S Chanderpaul,81,7,0
GD Cross,76,7,2
GR Breese,107,15,1
ME Trescothick,244,26,7
SH Choudhry,83,11,0
SA Piolet,118,14,1
GA Edwards,9,1,0
BJ Wright,0,0,0
MAG Boyce,160,15,0
SB Styris,111,9,1
AJ Ireland,13,1,1
JA Tomlinson,18,1,0
MNW Spriegel,87,4,0
James Middlebrook,51,2,1
MJ McClenaghan,18,2,0
LJ Hatchett,8,0,0
BA Stokes,410,47,10
RWT Key,72,6,2
BP Nash,39,3,0
GM Smith,59,4,1
TJ Phillips,53,5,1
CT Tremlett,13,1,1
FRJ Coleman,32,4,0
TE Linley,11,1,0
BW Harmison,124,13,1
KW Hogg,1,0,0
MJ North,140,12,0
DJ Wainwright,60,7,0
S Kelsall,35,4,0
RJ Peterson,17,2,0
GP Rees,64,5,0
AJ Hall,58,7,0
MA Chambers,3,0,0
PJ McKay,22,1,2
AJ Ball,6,0,0
DA Griffiths,14,0,0
AEN Riley,0,0,0
SD Peters,4,0,0
SP Terry,297,32,7
TC Knight,0,0,0
DE Bollinger,15,3,0
ML Turner,4,0,0
ST Doheny,764,85,9
AR McBrine,758,79,11
G Kennedy,323,34,3
SJ MacBeth,205,20,3
W McClintock,218,17,13
GI Hume,409,40,8
NJ McGuire,166,16,6
J Wilson,191,14,7
R MacBeth,107,10,3
C Olphert,10,1,0
TH Tector,250,32,4
Simi Singh,773,64,27
A Balbirnie,1039,121,16
HT Tector,858,81,16
GH Dockrell,989,97,29
JA McCollum,522,64,4
R Pretorius,561,50,16
M Burton,16,3,0
GR Adair,318,30,17
MJ Humphreys,65,4,4
J Manley,99,9,2
B White,74,5,2
PJ Moor,548,51,28
M Commins,622,69,6
TE Kane,561,48,22
C Campher,543,60,9
GJ Delany,404,32,21
M Ford,254,23,5
DC Delany,225,20,3
F Hand,307,31,13
J Carty,152,10,2
L Tucker,919,102,25
AP Chore,256,23,1
M Topping,222,18,5
MT Foster,10,0,0
SC Getkate,689,57,24
L McCarthy,279,32,8
M Frost,79,10,0
NA Rock,636,63,25
T Mayes,58,3,3
JB Tector,482,51,5
G Ford,147,21,2
G Hoey,212,21,4
J Little,48,2,1
M O'Reilly,2,0,0
C Hassett,9,0,0
NA Greenwood,474,57,3
JAD Lawrenson,498,51,1
J Sumerauer,131,11,7
DG Blampied,135,10,3
E Hasahya,9,1,0
J Miyaji,25,1,1
A Gorawara,41,6,1
Yasim Murtaza,229,17,12
Haroon Arshad,8,0,1
A Shukla,5,1,0
NL Smith,225,29,2
M Campopiano,313,29,5
NA Maiolo,97,10,1
CJPF Kalugamage,89,8,3
Jaspreet Singh,152,17,6
DDE Richardson,17,3,0
Najiyah Raynor,0,0,0
D Sabir,63,6,1
Amari Ebbin,20,2,0
Z Burgess,50,5,2
JT Darrell,12,1,0
Vraj Patel,17,2,0
CAW Jeffers,9,1,0
Zahoor Khan,0,0,0
Tanzeel Sheikh,90,6,5
E Ochieng,17,1,1
Amir Sharif,15,1,1
DKD Warnakulasuriya,15,0,0
CMJ McLoughlin-Gavin,108,12,2
C Carmichael,231,23,3
C Robertson,45,5,0
Surya Anand,283,23,8
Musa Shaheen,15,1,0
JP Kaltapau,80,5,1
BA Viraliliu,16,1,0
JD Allan,98,8,1
RSK Samson,2,0,0
Obed Yosef,4,0,0
AR Puri,34,2,0
R Pathan,64,7,1
M Spoors,69,10,0
V Sehdev,33,3,0
S Movva,72,7,0
N Potts,13,0,1
A Karvelas,88,4,0
SF Hunt,35,4,0
BJ Currie,22,2,0
J Blake,546,59,5
TE Lawes,324,34,6
A Virdi,31,2,0
PWA Mulder,907,98,15
Kashif Ali,559,47,24
WA Young,345,32,9
AK Russell,5,0,0
Aman Desai,128,15,0
J Mosca,90,13,0
D Samarawickrama,96,9,0
N Pauththuwadura,8,1,0
AJ Mosca,295,25,6
HJ Manenti,216,18,4
Ahmed Nisar,41,5,0
Ali Hasan,25,2,2
RSJ Burrows,31,1,1
Z Tomlinson,20,3,0
K Furbert,0,0,0
AM Tribe,379,30,5
NJ Maddinson,156,20,2
MA Jones,361,28,10
TSS Mackintosh,222,18,6
SJC McAlindon,123,11,3
OJ Gibson,26,2,0
NJ Bowley,50,4,1
BE Hendricks,68,5,3
PJ Malan,394,41,8
JB Cracknell,754,91,7
UT Yadav,15,2,0
TW Loten,170,11,5
HA Sullivan,21,2,0
Washington Sundar,30,4,0
TE Albert,676,71,9
JOI Campbell,12,2,0
HJ Cullen,11,0,0
BJ Gibbon,29,1,1
Zafar Gohar,214,21,2
Salman Nazar,62,4,0
D Wotu,15,2,0
NPF Ranhaluge,20,2,0
Shan Masood,655,55,4
AH Miller,258,24,3
JP McIlroy,44,5,0
BJR Martindale,180,19,0
RL Evitts,10,1,0
GJ Bell,414,46,1
NA Barnwell,88,3,6
Y Majid,31,1,0
JJ Bushnell,212,14,0
ARI Umeed,1209,103,26
ORT Sale,13,1,0
ARJ Ogborne,47,2,2
JPH Hayes,1,0,0
K Kekulawala,4,0,0
ISW Ranepura,0,0,0
MJ Killeen,74,8,1
SSE Gumbs,104,9,1
WSA Williams,35,1,0
DC Kelly,197,20,2
JF Thomas,156,17,2
MB Harris,27,1,1
A Harrison,5,0,0
G Roelofsen,355,36,4
RJ Das,593,69,9
LM Benkenstein,451,49,10
JA Richards,255,19,6
RL Toole,15,2,0
TR Bevan,278,33,12
P Sisodiya,20,1,0
JC Harding,12,2,0
THS Pettman,14,1,0
FJ Bean,242,30,1
O Davidson,2,0,0
ST Evans,96,7,0
Abdul Rahman,17,1,0
A Kaul,57,2,0
S Srikanth,21,1,0
Avi Dixit,44,4,0
A Johnson,77,9,3
Pargat Singh,123,13,3
Kaleem Sana,9,1,0
JOA Gordon,2,0,0
IP Swaney,50,8,0
B Kruger,106,11,3
AR Frost,270,27,3
FH Catherwood,1,0,0
ML Granger,0,0,0
MN Erlank,37,3,0
C Melly,191,22,2
J Matchett,54,4,2
TF van Woerkom,45,3,1
T Koen,72,4,3
A Rosslee,3,0,0
M Donegan,109,11,2
R Wilson,22,2,0
CA Young,114,11,3
SJ Harbinson,140,14,4
J Mulder,97,5,2
H Zimmerman,13,1,0
CH Gayle,46,2,5
E Lewis,84,6,4
SO Hetmyer,10,1,0
MN Samuels,73,5,0
SD Hope,7,0,0
R Powell,52,2,3
CR Brathwaite,1,0,0
Saud Munir,0,0,0
C De Freitas,228,24,3
LC Doherty,91,14,1
T McKeegan,16,2,1
S Lynch,224,14,14
A Sidhu,13,1,0
S McNicholl,0,0,0
JR Eckland,141,18,1
Haider Ali,240,18,10
JJ Bazley,27,1,1
JH Wharton,320,29,8
BS McKinney,308,29,8
M Pretorius,61,6,2
JP Phillips,21,2,0
Anwar Ali,82,3,2
AS Dale,83,5,5
PP Shaw,772,100,24
SM Whiteman,194,22,4
BI Kellaway,317,35,6
AJ Horton,81,12,1
BJ Morris,2,0,0
JJ Carson,101,10,3
Shoaib Bashir,10,1,0
CW Jones,0,0,0
J Broad,167,12,4
J Hull,3,0,0
CG Harrison,94,8,0
Zaman Akhter,27,2,0
MF Hurst,108,10,2
TH Aspinwall,112,5,7
JK Denly,232,25,1
EV Jack,60,7,1
Zain-ul-Hassan,38,3,1
JT Langridge,6,0,1
LA Griffiths,61,7,0
Hamza Shaikh,258,21,7
JB Lintott,149,10,1
I Kaushal,7,0,0
DJ Leech,74,7,2
LS Robinson,0,0,0
FJ Hill,1,0,0
C Tear,87,10,1
HJ Moore,86,9,1
RAS Lakmal,14,2,1
ZB Lion-Cachet,92,11,1
AM Foreman,190,15,2
JA Atkins,1,0,0
TM Ealham,9,0,0
BM Cliff,3,0,0
BD Glover,22,3,0
CJB McCullough,57,5,2
Aaron Beard,157,13,2
GF Linde,30,1,0
Navdeep Saini,13,2,0
KH Pandya,134,12,3
K Smith,385,44,11
GW Maddy,7,0,0
I Liyanage,349,38,5
Imraz Rafi,63,4,0
Akash Babu,207,19,7
Ikramullah Khan,239,16,8
Muhammad Murad,55,3,1
S Muniandy,151,11,7
Ainool Hafizs,67,6,1
S Vijay Unni,0,0,0
Saif Ullah Malik,36,4,1
Muhammad Amir,219,24,0
Assad Borham,93,7,0
S Singh,37,5,0
Jagmeet Singh,9,2,0
D Birrell,14,1,0
AR Gandhi,0,0,0
Saran Aslam,2,0,0
Zubaidi Zulkifle,34,4,1
Syed Rehmatullah,9,0,0
Syazrul Idrus,1,0,0
Yousuf Ali,1,0,0
Syed Tameem,1,0,0
VN Veetil,52,2,2
J Santhanam,5,0,0
Rizwan Haider,0,0,0
NRM Thain,386,29,12
BJ Webster,260,23,4
CWJ Allison,388,34,9
Jaskaran Singh,24,2,1
KK Patel,30,2,1
MD Bates,38,4,0
BMR Akram,1,0,0
GS Sandhu,3,0,0
J Kida,145,15,1
C Veretaki,12,0,0
MB Gauna,77,6,1
Imran Khan,57,2,1
PV Vuniwaqa,25,2,2
SM Tupou,26,1,1
V Yabaki,35,1,1
J Baleicikoibia,3,0,0
S Ravoka,90,4,0
Riyad Khan,12,0,0
V Manakitoga,7,1,0
Ridha Aulia,0,0,0
Muhammad Safdar,8,1,0
Bilal Mansoor,5,0,0
Ansar Iqbal,8,1,0
Shahzad Umran,0,0,0
P Bhart,5,1,0
Aziz Mohammad,48,6,1
A Raza,6,1,0
S Jamil,7,0,0
F Khaliq,18,1,0
Shaheryar Butt,19,1,1
Sheraz Sheikh,24,2,0
Mamoon Latif,1,0,0
A Rehman,26,2,2
S Mehta,27,4,0
Reyhan Faiz,1,0,0
Muhammad Fahim,1,0,0
M Taylor,0,0,0
RA Tappin,5,1,0
H Gilliard,6,0,0
JR Barry,0,0,0
R Parkes,0,0,0
GT Taylor,0,0,0
DG Weakley,28,2,0
NH Ekanayake,52,5,1
A Peters,7,0,0
J Adderley,0,0,0
G Irvin,3,0,0
A Hoilett,12,0,0
R Ebanks,2,0,0
J Shearer,14,2,0
NA Miyaji,34,3,0
A Patmore,192,21,2
D Mee,0,0,0
M Hanif Khan,10,2,0
K Ogawa,16,1,1
T Chino,1,0,0
B Luitel,13,2,0
T Dorji,1,0,0
O Bryan,13,1,0
D Duraisingam,23,2,1
NG Jones,2,0,0
C Dougherty,145,14,2
LT Nelson,25,4,0
Mansoor Amjad,11,2,0
J Holmes,41,3,0
GJ Thompson,201,20,5
PA Eakin,16,0,1
GJ McCarter,71,6,2
GE Kidd,36,3,0
PS Eaglestone,2,0,0
DI Joyce,92,15,0
FP McAllister,30,4,0
AD Poynter,109,13,2
MC Sorensen,28,3,0
EJ Richardson,32,2,1
DA Rankin,244,33,3
S Campbell,21,3,0
M Marais,66,8,1
SR Thompson,330,34,6
DP Hyatt,99,8,1
RL Dougherty,127,6,5
J Robinson,9,0,1
J Barnes,9,2,0
R Allen,45,0,1
O Williams,100,11,2
AP Gillespie,95,11,0
SA Britton,76,6,3
JNK Shannon,242,22,9
A Dennison,133,16,0
J Theron,4,1,0
GKR McKinley,57,4,2
Nathan Smith,15,0,0
A Austin,53,7,0
D Scanlon,19,0,1
M Gilmour,15,3,0
SM Bunting,18,3,0
BF Calitz,203,17,10
SJ Topping,102,12,3
JM Hunter,4,0,0
H Dyer,4,0,0
Gavin Roulston,77,6,0
K Hilton,24,2,1
S Modgil,66,10,0
PL le Roux,0,0,0
J Neill,28,3,1
OG Metcalfe,120,18,3
R Joyce,12,1,0
J Grassi,158,14,4
PKD Chase,8,0,0
ISS Samarasooriya,77,13,0
G McClintock,10,1,0
SV Lazars,2,0,0
J Thompson,85,6,5
D Barr,102,11,0
Imran Butt,7,1,0
MP Ellison,284,30,9
AJ Malan,5,0,0
AI Shields,8,2,0
J Cameron-Dow,27,2,0
MD Poskitt,23,2,0
BI Louw,16,1,0
A McDaid,6,0,1
WT Smale,279,38,2
LI Georgeson,317,26,7
DJ O'Halloran,2,0,0
KW Magee,4,1,0
MN Piedt,108,5,8
JM Dickson,27,2,1
D Lues,14,1,0
JB van der Merwe,53,5,4
M Andrianatos,153,18,1
RA Weatherall,15,0,1
HS Mustard,102,6,4
TC Bruce,16,2,0
Harry Singh,87,11,0
CM Barnard,25,1,0
N Fernandes,152,20,1
BC Cullen,15,1,0
NB Cornwell,12,1,0
AM Rahane,378,34,9
FW McCann,168,27,0
R Lord,26,4,0
DC Goodman,18,2,0
JPA Taylor,25,2,0
MG Finan,18,1,1
B Swanepoel,70,9,1
Ekansh Singh,54,6,1
CH Stobo,153,9,3
TO Wylie,16,2,0
HP Rogers,75,8,0
RM Edavalath,22,2,1
TI Hinley,96,7,5
TG Sturgess,9,2,0
HC Darley,9,0,0
J Minto,7,1,0
MG Booth,60,5,3
TC Ali,41,3,0
R Flintoff,167,15,2
VR Iyer,68,7,1
CJ Green,216,21,7
DM Hogg,3,0,0
SML Fernandes,35,3,0
MYB Naeem,7,1,0
DM Dupavillon,21,1,1
MT Stanley,0,0,0
HM Khan,18,2,0
OFM Sykes,115,7,7
SB Wood,22,2,0
DK Fonseka,42,7,0
JA Boyden,47,2,2
JC McNally,10,2,0
P Francis,13,2,0
AM Vaughan,72,7,2
ARG Thomas,1,0,0
SH Stuart-Reckling,0,0,0
YV Vagadia,22,2,1
NM Kelly,3,0,0
Z Malik,2,0,0
MD Rae,8,0,1
JE Home,5,0,0
JO Adotei,1,0,0
O Compagnie-Coker,14,1,0
AA Premji,6,1,0
I Asif,34,4,0
LP Kasturiarachchige,9,1,0
Shadnan Khan,119,7,2
Amar Naeem,7,0,0
A Randhawa,36,3,2
Bilal Zalmai,25,4,0
Aqib Iqbal,4,0,0
K Joshi,1,0,0
S Subhash,3,0,0
Asif Mahmood,1,0,0
Waqar Zalmai,4,1,0
M O'Connor,0,0,0
A Venkatesh,51,6,0
Sadat Sidiqi,36,4,0
Waqas Haider,18,2,0
Sabir Zahoor,50,2,0
Abdul Jalali,6,0,0
Azam Mohammad,27,3,0
Usman Arif,19,1,0
Rahel Khan,16,0,0
Nasir Iqbal,6,0,0
Sweed Ullah,2,0,0
Sukhwinder Singh,0,0,0
Shoaib Razzak,10,1,0
B Narender Reddy,23,1,0
PVSS Raja,4,0,0
SAN Anjum,2,0,0
Aaqib Sulehri,19,4,0
A Kennedy,0,0,0
D O'Sullivan,1,0,0
KF Bakiweyem,12,1,0
A Kind-David,9,0,1
D Smith,9,0,0
L Natapei,41,4,1
MJ Avok,6,1,0
K Tari,2,0,0
F Uegaki,3,0,0
N Miyaji,5,0,0
S Nakano,0,0,0
N Shah,20,3,0
S Muhammad,22,3,1
JM Farmiloe,1,0,0
A Iqbal,10,1,0
M Krishnamoorthy,0,0,0
S Newport,7,1,0
W Shafiq,8,1,0
Fikri Makram,58,6,0
HG Mohammed,2,0,0
Mohamed Azzam,11,0,0
Hassan Rasheed,2,0,0
MO Ndandason,3,0,0
JF Rika,34,3,0
G Smith,55,4,0
M Beitaki,51,4,1
R Lesuma,28,1,0
J Batinibulu,120,13,3
V Manakiwai,2,0,0
Kunaal Kumar,0,0,0
S Dokosobau,0,0,0
S Kollery,22,3,0
V Kadiresan,0,0,0
R Altaff Hussein,4,0,0
A Vijayan,26,2,1
K Suresh,2,0,0
Abhinav Raman,1,0,0
M Weldon,0,0,0
Jake Egan,5,0,0
A Adey,13,2,0
E Karimi,10,0,0
R Sandaruwan,120,21,2
CV Anto,8,1,0
Usman Patel,158,25,1
Yasin Patel,86,6,2
MNM Aslam,136,17,1
Bilal Tahir,41,3,3
Shiraz Khan,62,6,1
Sayed Monib,82,7,3
ZM Tribe,235,22,7
C Brennan,52,6,1
PB Gouge,24,2,0
P Sharma,195,25,3
N Mugabe,17,3,0
Shakkir Kassim,40,6,0
Mujeeb-ur-Rehman,37,2,1
Amir Farooq,46,4,0
Muhammad Jabir,3,0,0
Abdullah Mahmood,4,1,0
Aasif Sheikh,52,7,1
K Bhurtel,11,0,0
Gulsan Jha,1,0,0
AGS Gous,1,0,0
Shayan Jahangir,104,12,4
SR Mukkamalla,11,0,0
Milind Kumar,5,0,0
SP Krishnamurthi,0,0,0
Harmeet Singh,57,6,2
SC van Schalkwyk,29,1,1
G Toka,27,4,1
KV Morea,17,0,2
M Charlie,10,1,0
J Kariko,4,1,0
Meet Bhavsar,17,3,0
Mohamed Shafeeq,14,0,2
S Gill,97,7,1
R Theruvath,6,0,0
Nimish Lathief,43,4,1
GM Muthui,10,1,1
P Koech,4,0,0
S Norman,4,1,0
RR Naik,31,4,1
H Bharadwaj,24,1,0
R Kalimuthu,13,1,1
R Obuya,160,15,3
Raghav Dhawan,141,13,1
SG Mangela,82,5,0
Umer Imtiaz,23,2,1
Asif Ali,173,16,5
Sohail Ahmed,94,8,0
Haider Butt,110,5,3
Sachin Kumar,26,1,0
Ahmer Bin Nisar,154,11,3
Shahbaz Badar,5,0,0
Imran Anwar,46,2,3
Rizwan Butt,54,0,4
Ali Dawood,10,1,0
Abdul Majid Abbasi,8,0,0
M Coetzee,63,8,0
Nasrulla Rana,31,4,0
II Selemani,110,8,7
MO Kitunda,75,6,2
AP Rajeevan,58,5,1
Akhil Anil,49,6,0
MS Maker,104,10,1
LS Barkania,7,0,0
S Thakor,58,4,3
RA Maringanti,18,1,0
JA Burns,146,12,3
AR Ramjani,123,11,5
Anas Khan,3,0,0
Ateeq Iqbal,8,0,0
S Mathur,38,4,0
M Yunusu Issa,0,0,0
PSRK Sudarshan,0,0,0
SC Pattnaik,22,2,0
A Cawley,3,0,0
JP Heywood,0,0,0
OW Sutton,0,0,0
HK Kukreja,1,0,0
A Chaudhary,23,2,0
T Omaidurai,16,0,1
R Ramesh,0,0,0
P Kurup,4,1,0
S Sarthak,4,0,0
S Selvaraj,28,6,0
K Juma,4,1,0
